{"train/episode": 200, "_timestamp": 1720764255.1270676, "train/step": 99500, "train/env_step": 199000, "train/total_time": 3953.6193239688873, "train/episode_reward": -624.2434692382812, "eval/episode": 101, "eval/step": 50000, "eval/env_step": 100000, "eval/total_time": 1905.0743641853333, "eval/episode_reward": -1613.878106689453, "_runtime": 3955.451345682144, "_step": 199000, "train/reward_loss": 58001.921875, "train/value_loss": 116003.84375, "train/pi_loss": 0.0, "train/total_loss": 6000.0, "train/weighted_loss": 5462.5126953125, "train/grad_norm": 0.0, "_wandb": {"runtime": 3964}}