{"train/episode": 27, "_timestamp": 1721375006.8065233, "train/step": 13000, "train/env_step": 26000, "train/total_time": 622.675404548645, "train/episode_reward": -5.0, "eval/episode": 1, "eval/step": 0, "eval/env_step": 0, "eval/total_time": 0.08762836456298828, "eval/episode_reward": 4.77039680480957, "_runtime": 625.4259243011475, "_step": 26000, "train/reward_loss": 0.053234368562698364, "train/value_loss": 0.010536148212850094, "train/pi_loss": -12.211958885192871, "train/total_loss": 0.02767079696059227, "train/weighted_loss": 0.006458702031522989, "train/grad_norm": 0.020877251401543617, "_wandb": {"runtime": 645}}