{"train/episode": 8, "_timestamp": 1721646679.5572212, "train/step": 3500, "train/env_step": 7000, "train/total_time": 55.185007095336914, "train/episode_reward": -10.287280917167664, "eval_video": {"_type": "video-file", "sha256": "c27c005305a8eea9befc7d313c736a49a2599a1a4cee1078da16cd9e2695e8b3", "size": 77245, "path": "media/videos/eval_video_0_c27c005305a8eea9befc.mp4", "width": 1000, "height": 1000}, "eval/episode": 1, "eval/step": 0, "eval/env_step": 0, "eval/total_time": 0.3212757110595703, "eval/episode_reward": -0.8981881216168404, "_runtime": 56.982946157455444, "_step": 7000, "_wandb": {"runtime": 56}}