{"train/episode": 10, "_timestamp": 1720671098.1910536, "train/step": 4500, "train/env_step": 9000, "train/total_time": 5.07999324798584, "train/episode_reward": 21.536148071289062, "eval/episode": 1, "eval/step": 0, "eval/env_step": 0, "eval/total_time": 0.053092241287231445, "eval/episode_reward": 1805.6824633598328, "_runtime": 6.853321552276611, "_step": 9000, "_wandb": {"runtime": 12}}