{"_wandb": {"runtime": 1}, "train/episode": 1, "_timestamp": 1721647664.4525914, "train/step": 0, "train/env_step": 0, "train/total_time": 0.3325331211090088, "train/episode_reward": -5.704179525375366, "_runtime": 2.182241439819336, "_step": 0}