{"_wandb": {"runtime": 36}, "train/episode": 1, "_timestamp": 1720614384.2342026, "train/step": 0, "train/env_step": 0, "train/total_time": 0.22427678108215332, "train/episode_reward": 3429.42919921875, "_runtime": 2.1162736415863037, "_step": 0}