{"train/episode": 2434, "_timestamp": 1721007598.152166, "train/step": 608250, "train/env_step": 1216500, "train/total_time": 38149.38071680069, "train/episode_reward": -549.6637777127326, "eval/episode": 2401, "eval/step": 600000, "eval/env_step": 1200000, "eval/total_time": 37547.853709220886, "eval/episode_reward": 294.12878774362616, "_runtime": 38151.7161898613, "_step": 1216500, "train/reward_loss": 0.49833184480667114, "train/value_loss": 402.8551940917969, "train/pi_loss": 91.83602905273438, "train/total_loss": 40.53468322753906, "train/weighted_loss": 14.303892135620117, "train/grad_norm": 28.27260971069336, "_wandb": {"runtime": 38162}}