{"train/episode": 10, "_timestamp": 1720708287.1454177, "train/step": 4500, "train/env_step": 9000, "train/total_time": 6.720666408538818, "train/episode_reward": 24.536148071289062, "eval/episode": 1, "eval/step": 0, "eval/env_step": 0, "eval/total_time": 0.07294988632202148, "eval/episode_reward": 1874.7824634552003, "_runtime": 8.574893712997437, "_step": 9000, "_wandb": {"runtime": 9}}