{"_wandb": {"runtime": 4}, "train/episode": 1, "_timestamp": 1721646187.497092, "train/step": 0, "train/env_step": 0, "train/total_time": 0.3096749782562256, "train/episode_reward": -5.704179525375366, "_runtime": 2.118994951248169, "_step": 0}