{"train/episode": 10, "_timestamp": 1720884345.8055701, "train/step": 4500, "train/env_step": 9000, "train/total_time": 8.010008096694946, "train/episode_reward": -98796.40593743324, "eval/episode": 1, "eval/step": 0, "eval/env_step": 0, "eval/total_time": 0.08087944984436035, "eval/episode_reward": 924.2372905522585, "_runtime": 10.461417198181152, "_step": 9000, "_wandb": {"runtime": 22}}