{"train/episode": 10, "_timestamp": 1720702666.9872684, "train/step": 4500, "train/env_step": 9000, "train/total_time": 5.3245885372161865, "train/episode_reward": -4929485.463851929, "eval/episode": 1, "eval/step": 0, "eval/env_step": 0, "eval/total_time": 0.0624537467956543, "eval/episode_reward": 1805.6824633598328, "_runtime": 7.0992255210876465, "_step": 9000, "_wandb": {"runtime": 6}}