{"train/episode": 1620, "_timestamp": 1721629872.861503, "train/step": 809500, "train/env_step": 1619000, "train/total_time": 58359.72439455986, "train/episode_reward": -3.9550373554229736, "eval/episode": 1601, "eval/step": 800000, "eval/env_step": 1600000, "eval/total_time": 57203.55138254166, "eval/episode_reward": 2.6507997155189513, "_runtime": 58361.73611998558, "_step": 1619000, "train/reward_loss": 0.0010137276258319616, "train/value_loss": 304.66046142578125, "train/pi_loss": -218.6821746826172, "train/total_loss": 3.7574410438537598, "train/weighted_loss": 0.6005526781082153, "train/grad_norm": 0.40874195098876953, "_wandb": {"runtime": 58384}}