{"train/episode": 10, "_timestamp": 1720703487.878117, "train/step": 4500, "train/env_step": 9000, "train/total_time": 5.508310317993164, "train/episode_reward": -4929485.463851929, "eval/episode": 1, "eval/step": 0, "eval/env_step": 0, "eval/total_time": 0.06458902359008789, "eval/episode_reward": 1805.6824633598328, "_runtime": 7.334640026092529, "_step": 9000, "_wandb": {"runtime": 22}}