{"train/episode": 10, "_timestamp": 1721657588.6268878, "train/step": 4500, "train/env_step": 9000, "train/total_time": 69.61889433860779, "train/episode_reward": 19.87174405157566, "eval_video": {"_type": "video-file", "sha256": "8ca47f1f81035a9d54f25e770bb0987b0aef5187d43b2e245b1f8886686a9eea", "size": 54220, "path": "media/videos/eval_video_0_8ca47f1f81035a9d54f2.mp4", "width": 1000, "height": 1000}, "eval/episode": 1, "eval/step": 0, "eval/env_step": 0, "eval/total_time": 0.21894526481628418, "eval/episode_reward": -57.245978442029354, "_runtime": 71.69171476364136, "_step": 9000, "_wandb": {"runtime": 97}}