{"_wandb": {"runtime": 17}, "train/episode": 1, "_timestamp": 1720615442.3884742, "train/step": 0, "train/env_step": 0, "train/total_time": 0.2325432300567627, "train/episode_reward": 3429.42919921875, "_runtime": 2.1949381828308105, "_step": 0}