{"train/episode": 9, "_timestamp": 1721675955.5369494, "train/step": 4000, "train/env_step": 8000, "train/total_time": 77.00572037696838, "train/episode_reward": 32.14592505292807, "eval_video": {"_type": "video-file", "sha256": "f9dcfc0447716fc334039c85d6cf7590932ba3ec84d48735995aacc89173282c", "size": 74872, "path": "media/videos/eval_video_0_f9dcfc0447716fc33403.mp4", "width": 1000, "height": 1000}, "eval/episode": 1, "eval/step": 0, "eval/env_step": 0, "eval/total_time": 0.35660481452941895, "eval/episode_reward": -54.49298221661447, "_runtime": 79.57036232948303, "_step": 8000}