{"_wandb": {"runtime": 179}, "train/episode": 1, "_timestamp": 1720614195.9611945, "train/step": 0, "train/env_step": 0, "train/total_time": 0.22377300262451172, "train/episode_reward": 3429.42919921875, "_runtime": 2.1663753986358643, "_step": 0}