{"train/episode": 57, "_timestamp": 1720621000.5687058, "train/step": 28000, "train/env_step": 56000, "train/total_time": 1607.215491771698, "train/episode_reward": 7380.102953910828, "eval/episode": 41, "eval/step": 20000, "eval/env_step": 40000, "eval/total_time": 994.2403473854065, "eval/episode_reward": -784.7599371910095, "_runtime": 1610.7914698123932, "_step": 56000, "train/reward_loss": 4.1541428565979, "train/value_loss": 38288.2734375, "train/pi_loss": -965.0679931640625, "train/total_loss": 444.95672607421875, "train/weighted_loss": 214.68138122558594, "train/grad_norm": 202.03018188476562, "_wandb": {"runtime": 1617}}