{"train/episode": 10, "_timestamp": 1720884426.9745026, "train/step": 4500, "train/env_step": 9000, "train/total_time": 7.502151727676392, "train/episode_reward": -98796.40593743324, "eval/episode": 1, "eval/step": 0, "eval/env_step": 0, "eval/total_time": 0.07715010643005371, "eval/episode_reward": 924.2372905522585, "_runtime": 9.941462516784668, "_step": 9000, "_wandb": {"runtime": 101}}