{"train/episode": 474, "_timestamp": 1721390545.0426826, "train/step": 236500, "train/env_step": 473000, "train/total_time": 15335.687651395798, "train/episode_reward": 2.3431549072265625, "eval/episode": 451, "eval/step": 225000, "eval/env_step": 450000, "eval/total_time": 14603.46203160286, "eval/episode_reward": -2.7020233154296873, "_runtime": 15337.47793674469, "_step": 473000, "train/reward_loss": 0.000259194930549711, "train/value_loss": 603.3980712890625, "train/pi_loss": 1128.3126220703125, "train/total_loss": 17.827341079711914, "train/weighted_loss": 5.065552711486816, "train/grad_norm": 91.95416259765625, "_wandb": {"runtime": 15353}}