{"_wandb": {"runtime": 28}, "train/episode": 1, "_timestamp": 1720614159.1282058, "train/step": 0, "train/env_step": 0, "train/total_time": 0.22340703010559082, "train/episode_reward": 3429.42919921875, "_runtime": 2.1918137073516846, "_step": 0}