{"_wandb": {"runtime": 409}, "train/episode": 1, "_timestamp": 1721646203.3583505, "train/step": 0, "train/env_step": 0, "train/total_time": 0.31978845596313477, "train/episode_reward": -5.704179525375366, "_runtime": 2.14888858795166, "_step": 0}