{"train/episode": 24, "_timestamp": 1721658511.094478, "train/step": 11500, "train/env_step": 23000, "train/total_time": 684.1401958465576, "train/episode_reward": 60.63305366039276, "eval_video": {"_type": "video-file", "sha256": "8ca47f1f81035a9d54f25e770bb0987b0aef5187d43b2e245b1f8886686a9eea", "size": 54220, "path": "media/videos/eval_video_0_8ca47f1f81035a9d54f2.mp4", "width": 1000, "height": 1000}, "eval/episode": 1, "eval/step": 0, "eval/env_step": 0, "eval/total_time": 0.2105555534362793, "eval/episode_reward": -57.245978442029354, "_runtime": 686.0837109088898, "_step": 23000, "train/reward_loss": 0.00029322164482437074, "train/value_loss": 0.04283497482538223, "train/pi_loss": -25.123809814453125, "train/total_loss": 0.004430108703672886, "train/weighted_loss": 0.0019162126118317246, "train/grad_norm": 0.02261451631784439, "_wandb": {"runtime": 705}}