{"_wandb": {"runtime": 13}, "train/episode": 1, "_timestamp": 1720614581.8794222, "train/step": 0, "train/env_step": 0, "train/total_time": 0.2278430461883545, "train/episode_reward": 3429.42919921875, "_runtime": 2.189995288848877, "_step": 0}