{"train/episode": 69, "_timestamp": 1721360430.0315998, "train/step": 34000, "train/env_step": 68000, "train/total_time": 1736.1655542850494, "train/episode_reward": -5.0, "eval/episode": 51, "eval/step": 25000, "eval/env_step": 50000, "eval/total_time": 1200.6293098926544, "eval/episode_reward": 78.966481757164, "_runtime": 1737.9148168563843, "_step": 68000, "train/reward_loss": 0.00013501031207852066, "train/value_loss": 0.0636654868721962, "train/pi_loss": 8.388279914855957, "train/total_loss": 0.006434054113924503, "train/weighted_loss": 0.0035820885095745325, "train/grad_norm": 0.05001998692750931, "_wandb": {"runtime": 1753}}