{"_wandb": {"runtime": 48}, "train/episode": 1, "_timestamp": 1721012886.1897178, "train/step": 0, "train/env_step": 0, "train/total_time": 1.8882393836975098, "train/episode_reward": -2075.152783766389, "_runtime": 3.958446741104126, "_step": 0}