{"train/episode": 10, "_timestamp": 1721647849.5757825, "train/step": 4500, "train/env_step": 9000, "train/total_time": 78.74673295021057, "train/episode_reward": 42.39742124080658, "eval_video": {"_type": "video-file", "sha256": "7eab75ef903224b0d3bccc6ba6f9a5bbedb6416fd1ece866478f3c4473df13d8", "size": 85811, "path": "media/videos/eval_video_0_7eab75ef903224b0d3bc.mp4", "width": 1000, "height": 1000}, "eval/episode": 1, "eval/step": 0, "eval/env_step": 0, "eval/total_time": 0.36313533782958984, "eval/episode_reward": 32.55761933997273, "_runtime": 80.60252356529236, "_step": 9000, "_wandb": {"runtime": 82}}