{"_wandb": {"runtime": 8}, "train/episode": 1, "_timestamp": 1720614029.9710915, "train/step": 0, "train/env_step": 0, "train/total_time": 0.2371964454650879, "train/episode_reward": 3429.42919921875, "_runtime": 2.236802577972412, "_step": 0}