{"_wandb": {"runtime": 78}, "train/episode": 1, "_timestamp": 1720614959.2070966, "train/step": 0, "train/env_step": 0, "train/total_time": 0.2527589797973633, "train/episode_reward": 3429.42919921875, "_runtime": 2.305497646331787, "_step": 0}