{"train/episode": 32, "_timestamp": 1721395163.1517653, "train/step": 15500, "train/env_step": 31000, "train/total_time": 715.0544240474701, "train/episode_reward": -3.4226226806640625, "eval/episode": 1, "eval/step": 0, "eval/env_step": 0, "eval/total_time": 0.08927798271179199, "eval/episode_reward": -4.99176025390625, "_runtime": 716.8536393642426, "_step": 31000, "train/reward_loss": 9.085298370337114e-05, "train/value_loss": 0.006601404864341021, "train/pi_loss": -6.849886417388916, "train/total_loss": 0.0007055670139379799, "train/weighted_loss": 0.00042825116543099284, "train/grad_norm": 0.011092718690633774, "_wandb": {"runtime": 726}}