{"train/episode": 3001, "_timestamp": 1721498052.4001048, "train/step": 1500000, "train/env_step": 3000000, "train/total_time": 102233.48341321945, "train/episode_reward": 135.86278837919235, "eval/episode": 3001, "eval/step": 1500000, "eval/env_step": 3000000, "eval/total_time": 102233.48341321945, "eval/episode_reward": 150.3538271307945, "_runtime": 102306.10458087921, "_step": 3000000, "train/reward_loss": 1.485753364249831e-05, "train/value_loss": 0.010194829665124416, "train/pi_loss": -186.12567138671875, "train/total_loss": 0.0010269118938595057, "train/weighted_loss": 0.00037806853652000427, "train/grad_norm": 0.013920078054070473, "_wandb": {"runtime": 102305}}