{"train/episode": 446, "_timestamp": 1721675835.4429457, "train/step": 222500, "train/env_step": 445000, "train/total_time": 16442.747098207474, "train/episode_reward": 14.552070423960686, "eval_video": {"_type": "video-file", "sha256": "164b3c04d20c2216e409a30f300d33afef2dd34102f32f9a068f377884b64c73", "size": 49770, "path": "media/videos/eval_video_400000_164b3c04d20c2216e409.mp4", "width": 1000, "height": 1000}, "eval/episode": 401, "eval/step": 200000, "eval/env_step": 400000, "eval/total_time": 14259.147765159607, "eval/episode_reward": 14.420232510566711, "_runtime": 16444.704855680466, "_step": 445000, "train/reward_loss": 0.00021826420561410487, "train/value_loss": 18.78131866455078, "train/pi_loss": -51.46856689453125, "train/total_loss": 1.8782410621643066, "train/weighted_loss": 0.8259168863296509, "train/grad_norm": 0.9982238411903381, "_wandb": {"runtime": 16456}}