{"_wandb": {"runtime": 22}, "train/episode": 1, "_timestamp": 1721646126.8659127, "train/step": 0, "train/env_step": 0, "train/total_time": 0.3489046096801758, "train/episode_reward": -5.704179525375366, "_runtime": 2.0984466075897217, "_step": 0}