{"_wandb": {"runtime": 218}, "train/episode": 1, "_timestamp": 1721645766.343651, "train/step": 0, "train/env_step": 0, "train/total_time": 0.33225274085998535, "train/episode_reward": -5.704179525375366, "_runtime": 2.156773090362549, "_step": 0}