{"train/episode": 1069, "_timestamp": 1720969064.7426505, "train/step": 534000, "train/env_step": 1068000, "train/total_time": 33827.31893992424, "train/episode_reward": 341.4781933883205, "eval/episode": 1001, "eval/step": 500000, "eval/env_step": 1000000, "eval/total_time": 31568.722278118134, "eval/episode_reward": -345.02664040196686, "_runtime": 33829.38125252724, "_step": 1068000, "train/reward_loss": 0.5078869462013245, "train/value_loss": 239.92405700683594, "train/pi_loss": 252.4040069580078, "train/total_loss": 24.246349334716797, "train/weighted_loss": 7.716688632965088, "train/grad_norm": 127.92069244384766, "_wandb": {"runtime": 33854}}