{"_wandb": {"runtime": 4}, "train/episode": 1, "_timestamp": 1721654669.684419, "train/step": 0, "train/env_step": 0, "train/total_time": 0.20188236236572266, "train/episode_reward": -11.30523681640625, "_runtime": 2.1422648429870605, "_step": 0}