{"train/episode": 201, "_timestamp": 1721014399.162702, "train/step": 100000, "train/env_step": 200000, "train/total_time": 5839.800762653351, "train/episode_reward": -1109.1708063222468, "eval/episode": 201, "eval/step": 100000, "eval/env_step": 200000, "eval/total_time": 5839.800762653351, "eval/episode_reward": -450.14954525604844, "_runtime": 5976.571269989014, "_step": 200000, "train/reward_loss": 0.4715970456600189, "train/value_loss": 157.5105438232422, "train/pi_loss": 82.05726623535156, "train/total_loss": 15.98685359954834, "train/weighted_loss": 6.825019359588623, "train/grad_norm": 171.5378875732422, "_wandb": {"runtime": 5977}}