{"train/episode": 10, "_timestamp": 1721395720.3204293, "train/step": 4500, "train/env_step": 9000, "train/total_time": 7.704018831253052, "train/episode_reward": 8.467483520507812, "eval/episode": 1, "eval/step": 0, "eval/env_step": 0, "eval/total_time": 0.17944049835205078, "eval/episode_reward": -1.9008316040039062, "_runtime": 9.547480344772339, "_step": 9000, "_wandb": {"runtime": 23}}