{"train/episode": 42, "_timestamp": 1720703793.2899725, "train/step": 20500, "train/env_step": 41000, "train/total_time": 34.147260427474976, "train/episode_reward": 499.572642326355, "eval/episode": 1, "eval/step": 0, "eval/env_step": 0, "eval/total_time": 0.0647423267364502, "eval/episode_reward": 1805.6824633598328, "_runtime": 35.889270544052124, "_step": 41000, "train/reward_loss": 290.20635986328125, "train/value_loss": 588.343505859375, "train/pi_loss": -7.2331695556640625, "train/total_loss": 129.20339965820312, "train/weighted_loss": 37.989776611328125, "train/grad_norm": 0.6844041347503662, "_wandb": {"runtime": 36}}