{"train/episode": 940, "_timestamp": 1720757106.2072914, "train/step": 469500, "train/env_step": 939000, "train/total_time": 48791.6801943779, "train/episode_reward": 4338.906530380249, "eval/episode": 901, "eval/step": 450000, "eval/env_step": 900000, "eval/total_time": 45516.724014520645, "eval/episode_reward": 5517.503610515594, "_runtime": 48794.23884630203, "_step": 939000, "train/reward_loss": 46.188777923583984, "train/value_loss": 38998584.0, "train/pi_loss": -6159.876953125, "train/total_loss": 937.8922119140625, "train/weighted_loss": 278.1856384277344, "train/grad_norm": 36.61652755737305, "_wandb": {"runtime": 48868}}