{"train/episode": 51, "_timestamp": 1721017851.4635582, "train/step": 25000, "train/env_step": 50000, "train/total_time": 1263.0715863704681, "train/episode_reward": -1744.9959856718779, "eval/episode": 1, "eval/step": 0, "eval/env_step": 0, "eval/total_time": 0.19489359855651855, "eval/episode_reward": -1620.1708307506517, "_runtime": 1265.5768620967865, "_step": 50000, "train/reward_loss": 0.7984538078308105, "train/value_loss": 63.793174743652344, "train/pi_loss": 182.97085571289062, "train/total_loss": 6.7785444259643555, "train/weighted_loss": 2.4570300579071045, "train/grad_norm": 17.368757247924805, "_wandb": {"runtime": 1343}}