{"train/episode": 20, "_timestamp": 1721016988.8197522, "train/step": 9500, "train/env_step": 19000, "train/total_time": 400.42783093452454, "train/episode_reward": -2118.405697964132, "eval/episode": 1, "eval/step": 0, "eval/env_step": 0, "eval/total_time": 0.19489359855651855, "eval/episode_reward": -1620.1708307506517, "_runtime": 402.9330561161041, "_step": 19000, "train/reward_loss": 0.7951337099075317, "train/value_loss": 64.19393157958984, "train/pi_loss": 51.025943756103516, "train/total_loss": 6.816960334777832, "train/weighted_loss": 2.5653347969055176, "train/grad_norm": 3.366926908493042}