{"train/episode": 10, "_timestamp": 1720703436.2810624, "train/step": 4500, "train/env_step": 9000, "train/total_time": 5.476778030395508, "train/episode_reward": -4929485.463851929, "eval/episode": 1, "eval/step": 0, "eval/env_step": 0, "eval/total_time": 0.06237149238586426, "eval/episode_reward": 1805.6824633598328, "_runtime": 7.279722452163696, "_step": 9000, "_wandb": {"runtime": 6}}