{"_wandb": {"runtime": 1}, "train/episode": 1, "_timestamp": 1721645996.0690076, "train/step": 0, "train/env_step": 0, "train/total_time": 0.31827878952026367, "train/episode_reward": -5.704179525375366, "_runtime": 2.189485549926758, "_step": 0}