{"train/episode": 74, "_timestamp": 1721657415.1579351, "train/step": 36500, "train/env_step": 73000, "train/total_time": 2690.2114832401276, "train/episode_reward": -2.654815673828125, "eval_video": {"_type": "video-file", "sha256": "8ca47f1f81035a9d54f25e770bb0987b0aef5187d43b2e245b1f8886686a9eea", "size": 54220, "path": "media/videos/eval_video_0_8ca47f1f81035a9d54f2.mp4", "width": 1000, "height": 1000}, "eval/episode": 1, "eval/step": 0, "eval/env_step": 0, "eval/total_time": 0.20287370681762695, "eval/episode_reward": -0.24597844202935448, "_runtime": 2692.016935110092, "_step": 73000, "train/reward_loss": 6.409639900084585e-05, "train/value_loss": 0.11609220504760742, "train/pi_loss": -101.6828842163086, "train/total_loss": 0.01164126954972744, "train/weighted_loss": 0.007071009837090969, "train/grad_norm": 0.13252076506614685, "_wandb": {"runtime": 2725}}