{"train/episode": 38, "_timestamp": 1721374287.4764616, "train/step": 18500, "train/env_step": 37000, "train/total_time": 868.1347527503967, "train/episode_reward": -5.0, "eval/episode": 1, "eval/step": 0, "eval/env_step": 0, "eval/total_time": 0.08993792533874512, "eval/episode_reward": -3.3159332275390625, "_runtime": 869.914178609848, "_step": 37000, "train/reward_loss": 0.22662322223186493, "train/value_loss": 0.017249535769224167, "train/pi_loss": -4.56616735458374, "train/total_loss": 0.11503656208515167, "train/weighted_loss": 0.08244089782238007, "train/grad_norm": 0.14403127133846283, "_wandb": {"runtime": 889}}