{"_wandb": {"runtime": 3}, "train/episode": 1, "_timestamp": 1720668199.23722, "train/step": 0, "train/env_step": 0, "train/total_time": 0.07742047309875488, "train/episode_reward": -14189.275619506836, "_runtime": 1.8011281490325928, "_step": 0}