{"train/episode": 6, "_timestamp": 1721648937.76113, "train/step": 2500, "train/env_step": 5000, "train/total_time": 22.226428270339966, "train/episode_reward": -5.783355474472046, "eval/episode": 1, "eval/step": 0, "eval/env_step": 0, "eval/total_time": 0.3453788757324219, "eval/episode_reward": 19.41268000677228, "_runtime": 24.081526041030884, "_step": 5000, "_wandb": {"runtime": 23}}