{"train/episode": 10, "_timestamp": 1720670947.6076853, "train/step": 4500, "train/env_step": 9000, "train/total_time": 5.007211208343506, "train/episode_reward": 21.536148071289062, "eval/episode": 1, "eval/step": 0, "eval/env_step": 0, "eval/total_time": 0.05631256103515625, "eval/episode_reward": 1805.6824633598328, "_runtime": 6.877744436264038, "_step": 9000, "_wandb": {"runtime": 75}}