{"train/episode": 10, "_timestamp": 1720757244.058457, "train/step": 4500, "train/env_step": 9000, "train/total_time": 6.26072359085083, "train/episode_reward": -986.8944244384766, "eval/episode": 1, "eval/step": 0, "eval/env_step": 0, "eval/total_time": 0.06787538528442383, "eval/episode_reward": -10825.340198516846, "_runtime": 8.12571382522583, "_step": 9000, "_wandb": {"runtime": 66}}