{"train/episode": 2112, "_timestamp": 1720884224.862726, "train/step": 1055500, "train/env_step": 2111000, "train/total_time": 119944.1093275547, "train/episode_reward": -183.06373113393784, "eval/episode": 2101, "eval/step": 1050000, "eval/env_step": 2100000, "eval/total_time": 118819.98097848892, "eval/episode_reward": 813.1596791744232, "_runtime": 119945.99957203865, "_step": 2111000, "train/reward_loss": 4446.7568359375, "train/value_loss": 264398304.0, "train/pi_loss": -7358.3935546875, "train/total_loss": 1155.1162109375, "train/weighted_loss": 223.11843872070312, "train/grad_norm": 6.076059341430664, "_wandb": {"runtime": 120039}}