{"train/episode": 102, "_timestamp": 1720759826.717229, "train/step": 50500, "train/env_step": 101000, "train/total_time": 1920.5367488861084, "train/episode_reward": -141.42645263671875, "eval/episode": 101, "eval/step": 50000, "eval/env_step": 100000, "eval/total_time": 1898.7200376987457, "eval/episode_reward": -1555.3005004882812, "_runtime": 1922.3527188301086, "_step": 101000, "train/reward_loss": 39465.5625, "train/value_loss": 78931.125, "train/pi_loss": 0.0, "train/total_loss": 6000.0, "train/weighted_loss": 5760.349609375, "train/grad_norm": 0.0, "_wandb": {"runtime": 1939}}