{"train/episode": 1389, "_timestamp": 1721108898.5715427, "train/step": 694000, "train/env_step": 1388000, "train/total_time": 90893.19758677483, "train/episode_reward": 459.48420336842537, "eval/episode": 1351, "eval/step": 675000, "eval/env_step": 1350000, "eval/total_time": 88235.58192038536, "eval/episode_reward": -2127.6337606184184, "_runtime": 90895.41318368912, "_step": 1388000, "train/reward_loss": 0.8298002481460571, "train/value_loss": 1240.737548828125, "train/pi_loss": 150.09039306640625, "train/total_loss": 55.0695915222168, "train/weighted_loss": 18.13628578186035, "train/grad_norm": 144.99533081054688, "_wandb": {"runtime": 90898}}