{"_wandb": {"runtime": 2}, "train/episode": 1, "_timestamp": 1721654712.0763235, "train/step": 0, "train/env_step": 0, "train/total_time": 0.20740032196044922, "train/episode_reward": -11.30523681640625, "_runtime": 2.0024795532226562, "_step": 0}