{"train/episode": 54, "_timestamp": 1720617125.4960375, "train/step": 26500, "train/env_step": 53000, "train/total_time": 1522.9680593013763, "train/episode_reward": -36557.35165023804, "eval/episode": 41, "eval/step": 20000, "eval/env_step": 40000, "eval/total_time": 1015.6281266212463, "eval/episode_reward": 4368.702412414551, "_runtime": 1524.9647705554962, "_step": 53000, "train/reward_loss": 1.6320741176605225, "train/value_loss": 521756.40625, "train/pi_loss": 1427.258544921875, "train/total_loss": 580.1907348632812, "train/weighted_loss": 208.87257385253906, "train/grad_norm": 51.2021484375, "_wandb": {"runtime": 1529}}