{"train/episode": 10, "_timestamp": 1720703614.0500326, "train/step": 4500, "train/env_step": 9000, "train/total_time": 5.475666522979736, "train/episode_reward": 21.536148071289062, "eval/episode": 1, "eval/step": 0, "eval/env_step": 0, "eval/total_time": 0.06305646896362305, "eval/episode_reward": 1805.6824633598328, "_runtime": 7.355850696563721, "_step": 9000, "_wandb": {"runtime": 87}}