{"train/episode": 10, "_timestamp": 1721647250.9613955, "train/step": 4500, "train/env_step": 9000, "train/total_time": 68.35194110870361, "train/episode_reward": 47.079245150089264, "eval_video": {"_type": "video-file", "sha256": "6d5c0afbf22f937382636158f5a68aa0b3adbac782c87e446485783ed533d2fa", "size": 100083, "path": "media/videos/eval_video_0_6d5c0afbf22f93738263.mp4", "width": 1000, "height": 1000}, "eval/episode": 1, "eval/step": 0, "eval/env_step": 0, "eval/total_time": 0.3478226661682129, "eval/episode_reward": 13.947098203003407, "_runtime": 70.13995862007141, "_step": 9000, "_wandb": {"runtime": 75}}