{"_wandb": {"runtime": 100}, "train/episode": 1, "_timestamp": 1721645652.6353004, "train/step": 0, "train/env_step": 0, "train/total_time": 0.3172798156738281, "train/episode_reward": -5.704179525375366, "_runtime": 2.1274282932281494, "_step": 0}