{"train/episode": 2103, "_timestamp": 1720934854.8950222, "train/step": 1051000, "train/env_step": 2102000, "train/total_time": 49809.618429899216, "train/episode_reward": -110.42966422624886, "eval/episode": 2101, "eval/step": 1050000, "eval/env_step": 2100000, "eval/total_time": 49716.31211543083, "eval/episode_reward": 55.51972203720361, "_runtime": 49812.18962621689, "_step": 2102000, "train/reward_loss": 0.0991186648607254, "train/value_loss": 7320.296875, "train/pi_loss": 366.9217529296875, "train/total_loss": 133.2456817626953, "train/weighted_loss": 43.040443420410156, "train/grad_norm": 26.25750160217285, "_wandb": {"runtime": 49815}}