{"train/episode": 10, "_timestamp": 1720614791.7724009, "train/step": 4500, "train/env_step": 9000, "train/total_time": 33.787688970565796, "train/episode_reward": 6504.779649734497, "eval/episode": 1, "eval/step": 0, "eval/env_step": 0, "eval/total_time": 0.22869110107421875, "eval/episode_reward": 3630.9953439712526, "_runtime": 35.65822196006775, "_step": 9000, "_wandb": {"runtime": 104}}