{"train/episode": 10, "_timestamp": 1721016321.4131384, "train/step": 4500, "train/env_step": 9000, "train/total_time": 41.606786489486694, "train/episode_reward": 309.87179592996836, "eval/episode": 1, "eval/step": 0, "eval/env_step": 0, "eval/total_time": 0.19997406005859375, "eval/episode_reward": -1620.1708307506517, "_runtime": 44.09553146362305, "_step": 9000, "_wandb": {"runtime": 91}}