{"_wandb": {"runtime": 5}, "train/episode": 1, "_timestamp": 1721657701.0764067, "train/step": 0, "train/env_step": 0, "train/total_time": 0.7632935047149658, "train/episode_reward": -106.30523681640625, "_runtime": 2.6558566093444824, "_step": 0}