{"train/episode": 213, "_timestamp": 1720667603.2099993, "train/step": 106000, "train/env_step": 212000, "train/total_time": 4841.450105190277, "train/episode_reward": 11555.075293540955, "eval/episode": 201, "eval/step": 100000, "eval/env_step": 200000, "eval/total_time": 4479.920422792435, "eval/episode_reward": 3408.5451499938963, "_runtime": 4843.427224397659, "_step": 212000, "train/reward_loss": 12.486867904663086, "train/value_loss": 739083.4375, "train/pi_loss": -1282.1962890625, "train/total_loss": 523.3186645507812, "train/weighted_loss": 139.862060546875, "train/grad_norm": 39.3588752746582, "_wandb": {"runtime": 4856}}