{"train/episode": 171, "_timestamp": 1720708263.2385688, "train/step": 85000, "train/env_step": 170000, "train/total_time": 4224.3776824474335, "train/episode_reward": 365.4015350341797, "eval/episode": 101, "eval/step": 50000, "eval/env_step": 100000, "eval/total_time": 2197.731278181076, "eval/episode_reward": 4060.578576660156, "_runtime": 4226.128898859024, "_step": 170000, "train/reward_loss": 1.4113686084747314, "train/value_loss": 15341264.0, "train/pi_loss": -4226.6904296875, "train/total_loss": 792.9610595703125, "train/weighted_loss": 205.36924743652344, "train/grad_norm": 53.69514846801758, "_wandb": {"runtime": 4226}}