{"train/episode": 32, "_timestamp": 1721364355.2979918, "train/step": 15500, "train/env_step": 31000, "train/total_time": 724.0159277915955, "train/episode_reward": -5.0, "eval/episode": 1, "eval/step": 0, "eval/env_step": 0, "eval/total_time": 0.08928847312927246, "eval/episode_reward": 2.0310394287109377, "_runtime": 725.7947466373444, "_step": 31000, "train/reward_loss": 0.0055962419137358665, "train/value_loss": 0.0014005135744810104, "train/pi_loss": -5.064016819000244, "train/total_loss": 0.002938171848654747, "train/weighted_loss": 0.0014941598055884242, "train/grad_norm": 0.09024723619222641, "_wandb": {"runtime": 747}}