{"_wandb": {"runtime": 8}, "train/episode": 1, "_timestamp": 1721016537.3653004, "train/step": 0, "train/env_step": 0, "train/total_time": 0.19652652740478516, "train/episode_reward": -2085.699813708663, "_runtime": 2.2204573154449463, "_step": 0}