{"train/episode": 10, "_timestamp": 1721363607.140174, "train/step": 4500, "train/env_step": 9000, "train/total_time": 4.978126049041748, "train/episode_reward": 22.490325927734375, "eval/episode": 1, "eval/step": 0, "eval/env_step": 0, "eval/total_time": 0.08707904815673828, "eval/episode_reward": -3.961537170410156, "_runtime": 6.9889349937438965, "_step": 9000, "_wandb": {"runtime": 13}}