{"train/episode": 10, "_timestamp": 1721016478.2865818, "train/step": 4500, "train/env_step": 9000, "train/total_time": 40.51741909980774, "train/episode_reward": 309.87179592996836, "eval/episode": 1, "eval/step": 0, "eval/env_step": 0, "eval/total_time": 0.17786407470703125, "eval/episode_reward": -1620.1708307506517, "_runtime": 42.42763686180115, "_step": 9000, "_wandb": {"runtime": 60}}