{"train/episode": 10, "_timestamp": 1721647017.060967, "train/step": 4500, "train/env_step": 9000, "train/total_time": 61.026838064193726, "train/episode_reward": -6.7045711278915405, "eval_video": {"_type": "video-file", "sha256": "f03c1fb5cdbc6635ec567fd0f85aa414e7e2ef47b542d3fd37e8bfe7e6202c98", "size": 95734, "path": "media/videos/eval_video_0_f03c1fb5cdbc6635ec56.mp4", "width": 1000, "height": 1000}, "eval/episode": 1, "eval/step": 0, "eval/env_step": 0, "eval/total_time": 0.3588426113128662, "eval/episode_reward": 6.545305968821049, "_runtime": 62.827635049819946, "_step": 9000, "_wandb": {"runtime": 70}}