{"_wandb": {"runtime": 2}, "train/episode": 1, "_timestamp": 1720614711.2207568, "train/step": 0, "train/env_step": 0, "train/total_time": 0.23189687728881836, "train/episode_reward": 3429.42919921875, "_runtime": 2.1666617393493652, "_step": 0}