{"_wandb": {"runtime": 28}, "train/episode": 1, "_timestamp": 1720614431.5639849, "train/step": 0, "train/env_step": 0, "train/total_time": 0.22495126724243164, "train/episode_reward": 3429.42919921875, "_runtime": 2.1707139015197754, "_step": 0}