{"train/episode": 85, "_timestamp": 1720623929.8757744, "train/step": 42000, "train/env_step": 84000, "train/total_time": 2901.3253054618835, "train/episode_reward": 9068.940320968628, "eval/episode": 81, "eval/step": 40000, "eval/env_step": 80000, "eval/total_time": 2617.9226031303406, "eval/episode_reward": -26716.805908203125, "_runtime": 2903.768749475479, "_step": 84000, "train/reward_loss": 5.431157112121582, "train/value_loss": 82667.3984375, "train/pi_loss": -1474.1689453125, "train/total_loss": 710.9071044921875, "train/weighted_loss": 290.294921875, "train/grad_norm": 215.61622619628906, "_wandb": {"runtime": 2923}}